engagementRate,uniqueActors,uniqueViewers,engagements,impressions,URL
0,0,0,40,0,https://blog.kinaxis.com/2018/10/unparalleled-customer-affinity-on-full-display-at-kinexions-18/
0,0,0,40,0,https://capco.com/about%20us/press%20releases/capco%20energy%20solutions%20joins%20the%20mulesoft%20partner%20program
0,0,0,30,0,https://dailyorange.com/2018/10/vpa-alumnus-kevin-chernett-will-share-career-live-nation-lecture/
0,0,0,40,0,https://fearlessinfintech.com/wp-content/uploads/2018/10/Fearless-in-Fintech-SummitV9-sm.pdf
0.147058824,50,340,40,300,https://fortune.com/2018/10/18/future-50-workday-aneel-bhusri/
0.25,30,120,40,100,https://heartandmindstrategies.com/carol-gstalder-former-president-harris-insights-analytics-reputation-management-joins-heartmind-strategies/
0,0,0,50,80,https://inservice.ascd.org/think-sel-takes-too-much-time-integrate-it/
0,0,0,40,140,https://insurancethoughtleadership.com/the-connected-world-how-it-changes-claims/
0,0,40,60,120,https://my.siop.org/Meetings/Leading-Edge-Consortium/2018-LEC
0,0,60,60,120,https://newsroom.hilton.com/corporate/news/hilton-ranks-second-in-the-worlds-best-workplaces
0,0,80,30,80,https://nypost.com/2018/05/11/ups-new-trucks-look-straight-out-of-a-pixar-movie/
0.166666667,30,180,30,160,https://playground.tensorflow.org
0.166666667,40,240,30,280,https://recruitingtrends.com/why-td-bank-is-excited-about-predictive-hiring/
0,0,120,30,120,https://social.techcrunch.com/2018/10/15/vinli-launches-mobility-data-platform-signs-partnership-with-ald-automotive/
0,0,0,40,0,https://us.smh.re/32j
0.227272727,100,440,100,520,https://www.businessinsurance.com/article/20181104/NEWS06/912324892/Business-Insurance-2018-Innovation-Awards
0,0,0,40,0,https://www.charlotteworks.com/events/danielle-frazier-to-lead-charlotte-works/
0.14516129,90,620,100,720,https://www.cio.in/media-releases/accenture-buys-oracles-cloud-partner-daz-systems
0,0,0,30,0,https://www.hansmumm.com/new-book-release-unmanned-aircraft-systems-uas-in-the-cyber-domain-protecting-usas-advanced-air-assets/
0,0,0,40,0,https://www.mayerbrown.com/Missiles-Malware-and-Merger-Management-Why-Cybersecurity-and-Data-Privacy-Matter-to-MA-PractitionersPart-IV-10-24-2018/
0.454545455,100,220,280,340,https://www.riskusa.com/workshop-1-model-risk
0,0,0,60,0,https://www.scmfocus.com/erp/2018/08/28/is-it-right-to-lead-clients-into-sap-software-failure/
0,0,0,30,0,https://www.thefeedpodcast.com/episodes/restaurant-music/
0,0,0,50,0,https://9to5mac.com/2018/10/28/the-state-of-apple-in-the-enterprise-in-2018/
0,0,120,40,60,https://ai.google/social-good/impact-challenge/
0.1,40,400,30,520,https://arstechnica.com/gadgets/2018/10/microsofts-problem-isnt-shipping-windows-updates-its-developing-them/
0,0,0,100,0,https://avasant.com/events/avasant-empowering-beyond-symposium-dc-2018/
0,0,0,30,0,https://aws.amazon.com/blogs/publicsector/from-deserts-to-the-battlefield-aws-snowball-edge-brings-technology-to-the-tactical-edge/
0.032608696,30,920,120,920,https://blog.aboutamazon.com/working-at-amazon/our-pledge-to-amazons-workers
0.2,40,200,110,260,https://blog.atomicreach.com/email-marketing-influencers
0,0,80,60,100,https://blog.noodle.ai/3-women-leading-data-science-projects-at-noodle-ai
0,0,40,30,0,https://blog.pulumi.com/building-a-future-of-cloud-engineering
0,0,0,30,0,https://careers-dhgllp.icims.com/jobs/5842/data-visualization-developer/job?mobile=true&needsRedirect=false
0,30,0,40,0,https://careers.microsoft.com/us/en/job/524235/Regional%20Leader%20-%20Retail%20Industry
0,0,0,60,0,https://careers.perspecta.com/job/chantilly/vice-president-human-resources/23101/8760548
0,0,0,40,0,https://chatbotsmagazine.com/how-to-become-a-conversation-designer-and-make-chatbots-and-voice-assistants-more-helpful-natural-e7f9a963b366?gi=859c4d5a6456
0,0,0,70,0,https://cib.societegenerale.com/en/our-views/viewpoints/viewpoint/news/bringing-legacy-investment-banks-into-the-digital-world/
0,0,440,100,500,https://cloudonair.withgoogle.com/events/data-ai
0,0,40,30,100,https://corporate.gapinc.com/en-us/articles/2018/gap-inc-legal-team-wins-national-award-for-diversi
0.75,30,40,40,80,https://deloitte.wsj.com/cio/2018/10/28/gallo-cio-on-making-wine-the-digital-way/
0,0,80,40,80,https://developers.google.com/machine-learning/crash-course/
0,0,0,30,0,https://edtechmagazine.com/higher/article/2018/10/network-solutions-help-higher-ed-cios-secure-and-simplify
0,0,0,30,0,https://en.prnasia.com/releases/apac/lee-hecht-harrison-named-vanguard-leader-in-talent-leadership-consulting-by-alm-intelligence-225605.shtml
0,0,80,40,0,https://eng.uber.com/michelangelo-pyml/
0,0,0,30,0,https://evolllution.com/managing-institution/operations_efficiency/aligning-college-and-careers-working-with-industry-to-shrink-the-skills-gap/
0,0,0,40,0,https://foodtank.com/news/2018/06/nourished-planet-big-food-advertising/
0,0,100,30,120,https://github.com/brohrer/academic_advisory
0,0,40,30,40,https://go.forrester.com/what-it-means/ep89-nationwide-innovation/
0.092592593,100,1080,120,1120,https://hbr.org/2018/07/collaborative-intelligence-humans-and-ai-are-joining-forces
0.090909091,60,660,100,780,https://hbr.org/2018/07/the-biggest-obstacles-to-innovation-in-large-companies
0.105263158,40,380,80,480,https://hbr.org/2018/07/the-democratization-of-data-science
0.063829787,60,940,170,960,https://hbr.org/2018/10/dont-just-tell-employees-organizational-changes-are-coming-explain-why
0.14,70,500,130,800,https://hbr.org/2018/10/help-your-team-understand-what-data-is-and-isnt-good-for
0,0,140,50,280,https://hbr.org/2018/10/how-a-pharma-company-applied-machine-learning-to-patient-data
0.06,30,500,100,400,https://hbr.org/2018/10/how-lilly-is-getting-more-women-into-leadership-positions
0,0,140,30,160,https://hbr.org/2018/10/how-we-teach-digital-skills-at-pwc
0,0,0,60,60,https://hbr.org/2018/10/managing-a-data-science-team
0.044444444,40,900,120,1080,https://hbr.org/2018/11/how-to-sell-new-products
0,0,0,30,0,https://hbrascend.org/topics/why-more-mbas-should-buy-small-businesses/
0.3,60,200,140,340,https://heidrick.mediaroom.com/2018-11-05-Heidrick-Struggles-Takes-Action-with-Board-Diversity-Pledge-Globally
1,60,60,100,80,https://homeland-security.cioreview.com/cxoinsight/overcoming-the-cybersecurity-talent-shortage-nid-27200-cid-186.html
0.083333333,30,360,60,380,https://ideas.ted.com/how-working-less-could-solve-all-our-problems-really/
0,0,0,30,0,https://insights.hightechcampus.com/whitepaper-high-tech-campus-eindhoven
0.166666667,60,360,130,440,https://investor.ajg.com/news-releases/news-release-details/gallaghers-ceo-j-patrick-gallagher-jr-named-2018-hall-fame
0,0,0,30,0,https://ivreeproductions.com/
0.214285714,30,140,150,160,https://jobs.bnymellon.com/jobs/1816858?lang=en-us
0,0,0,30,40,https://jobs.jobvite.com/careers/sofi/job/ooWD8fwP?__jvst=Career%20Site
0,0,40,30,60,https://joshbersin.com/2018/09/adp-unveils-one-of-the-most-exciting-hcm-systems-ive-seen-and-more/
0.119047619,50,420,140,400,https://joshbersin.com/2018/10/employee-engagement-3-0-humu-launches-nudge-engine/
0,0,0,60,0,https://kumu.io/aflazo/def-innovation-ecosystem-map
0,0,0,30,0,https://lexfridman.com/ai/
0.5,60,120,40,260,https://marketoonist.com/2018/10/transformation.html
0,0,0,40,0,https://markettechnicial.blogspot.com/2018/10/guess-what.html
0,0,180,50,200,https://medium.com/team8/a-vision-and-model-for-building-companies-1a3501ef8273
0,0,0,150,60,https://members.fintechconnector.com/user/sign_up
0,0,0,70,0,https://mjbizconference.com/vegas/
0,0,80,40,40,https://money2020us2018.sched.com/event/Fswo
0,0,0,30,0,https://myemail.constantcontact.com/Join-Us----December-1st--2018---For-CHANGE-MANAGEMENT---Three-Experts-Share-their-Secrets-.html?soid=1103105356326&aid=LPuJqaoTeyw
0.166666667,30,180,100,200,https://mygivingaccenture.yourcause.com/public#/fundraising/4314
0.078947368,30,380,110,640,https://news.efinancialcareers.com/us-en/327171/hedge-fund-poaches-facebooks-head-of-ai-research
0.064516129,120,1860,140,2200,https://news.microsoft.com/en-gb/2018/11/01/centrica-forms-strategic-partnership-with-microsoft-to-transform-field-operations-with-dynamics-365-and-ai/
0.3,30,100,50,200,https://newsroom.accenture.com/news/accenture-names-jeffrey-russell-president-of-accenture-in-canada.htm
0,0,0,40,0,https://rainbowtabl.es/2018/10/30/arik-air/
0,0,40,30,40,https://securitycurrent.com/the-costs-of-deferring-important-cyber-decisions/
0,0,0,50,0,https://strategy.data.gov/practices/?utm_medium=social&utm_source=linkedin.company&utm_campaign=postfity&utm_content=postfity33fbc
0.203703704,110,540,240,780,https://thesaasreport.com/the-saas-reports-top-women-leaders-in-saas-of-2018/
0,0,160,40,120,https://venturebeat.com/2018/10/12/google-ai-claims-99-accuracy-in-metastatic-breast-cancer-detection/
0.045,90,2000,140,2180,https://venturebeat.com/2018/10/15/mit-commits-1-billion-to-make-ai-part-of-every-graduates-education/
0.166666667,30,180,60,80,https://www.adweek.com/creativity/marketers-often-overlook-music-in-campaigns-but-heres-how-they-can-start-weaving-it-into-strategies/
0,0,100,50,80,https://www.aifrontiers.com
0,0,0,30,40,https://www.air.org/news/press-release/american-institutes-research-recognized-commitment-diversity
0.22,110,500,300,480,https://www.analyticsindiamag.com/top-10-data-scientists-in-india-2018/
0,0,80,70,60,https://www.bankinfosecurity.com/analysis-did-anthems-security-certification-have-value-a-11634
0.083333333,50,600,120,720,https://www.billboard.com/articles/news/magazine-feature/8480478/billboard-2018-top-music-lawyers-list
0.15,30,200,50,140,https://www.bizjournals.com/baltimore/news/2018/11/02/new-dreamport-center-bringing-small-business-cyber.html
0.018518519,40,2160,100,1940,https://www.bizjournals.com/seattle/news/2018/11/05/microsoft-walmart-open-cloud-factory-amazon.html
0.3,30,100,50,280,https://www.bizjournals.com/southflorida/news/2018/10/31/executive-profile-philip-golfarb.html
0.06097561,50,820,100,920,https://www.blackenterprise.com/maurice-stinnett-black-man-diversity-nba/
0,0,40,40,40,https://www.bloomberg.com/news/articles/2018-10-05/pwc-chairman-urges-500-ceos-to-talk-about-diversity-on-same-day
0.375,30,80,50,60,https://www.bryancave.com/en/news-events/zetoony-named-legal-influencer-of-european-telecommunications.html
0.138888889,50,360,40,340,https://www.businessinsider.com/javier-soltero-microsoft-cortana-leaving-2018-11
0.083333333,90,1080,130,1080,https://www.businessinsider.com/jpmorgan-announces-partnership-with-plaid-2018-10
0.072916667,70,960,100,860,https://www.businessinsider.com/why-my-company-switched-to-a-5-hour-workday-and-how-you-can-make-it-work-for-you-2016-9
0.138888889,100,720,110,880,https://www.businesswire.com/news/home/20181011005113/en/UBS-Private-Wealth-Advisors-Bellevue-WA-Named
0.666666667,40,60,50,180,https://www.businesswire.com/news/home/20181012005303/en/Steve-Martin-Vice-President-Human-Resources-Marcus
0.214285714,30,140,50,200,https://www.businesswire.com/news/home/20181015005180/en/NetApp-Appoints-Debra-McCowan-Chief-Human-Resources
0.1,80,800,170,1120,https://www.businesswire.com/news/home/20181016005400/en/Zscaler-Appoints-Kavitha-Mariappan-Senior-Vice-President
0.0375,60,1600,140,1600,https://www.businesswire.com/news/home/20181017005097/en/Moody%E2%80%99s-Names-Derek-Vadala-Global-Head-Cyber
0.277777778,100,360,90,240,https://www.businesswire.com/news/home/20181023005236/en/Partners-Elected-Board-Directors-BDO-USA-LLP
0,0,80,30,40,https://www.businesswire.com/news/home/20181023005378/en/Hilton-Announces-Innovative-New-Hotel-Brand-%E2%80%98Motto
0,0,60,50,200,https://www.businesswire.com/news/home/20181025005383/en/McKinsey-Company-Releases-World-First-Study-Quantifying-Financial
0,0,80,50,60,https://www.businesswire.com/news/home/20181030005389/en/SEMA-Announces-Vehicles-Year
0.208333333,100,480,120,580,https://www.businesswire.com/news/home/20181030005753/en/Fischer-Hires-Chief-Revenue-Officer-Enhance-Continued
0,0,80,40,60,https://www.campaignlive.co.uk/article/artefact-promises-genuine-alternative-agencies-consultancies-uk-launch/1497069
0,0,100,40,60,https://www.checkpoint.com/press/2018/check-point-software-to-acquire-dome9-to-transform-cloud-security
0.1125,90,800,130,760,https://www.chicagobusiness.com/html-page/819961
0.097222222,70,720,100,620,https://www.cio.com/article/3237087/startups/10-hot-startups-targeting-todays-key-it-initiatives.html
0,0,100,30,120,https://www.cnbc.com/2018/10/09/cybersecurity-isnt-being-taken-seriously-enough-mit-professor.html
0.113207547,120,1060,120,1360,https://www.cnbc.com/2018/10/23/why-workday-disrupted-adaptive-insights-ipo-to-take-it-over-ceos.html
0,0,0,50,0,https://www.computerweekly.com/news/252451809/SAPs-Atzberger-vaunts-front-to-back-office-capability
0.333333333,40,120,50,80,https://www.crainscleveland.com/notable-women-finance-2018/kim-jenkins-manigault
0,0,80,30,80,https://www.crcpress.com/Voices-of-Innovation-Fulfilling-the-Promise-of-Information-Technology-in/Marx/p/book/9781498769686
0.176470588,60,340,120,100,https://www.dallasnews.com/business/energy/2018/10/09/older-oil-wells-permian-basin-may-drying-faster-expected
0,0,0,30,0,https://www.datacamp.com/instructors/stefanc7679de853c74cadb413cd65b3c3dd74
0,0,0,30,0,https://www.datanami.com/2018/10/22/darpa-embraces-common-sense-approach-to-ai/
0,0,0,50,0,https://www.dhs.gov/publication/security-and-resiliency-guide-and-annexes
0.104166667,100,960,100,900,https://www.digitaltrends.com/dt-daily/the-problem-with-microsoft-to-do/
0,0,0,40,0,https://www.digitaltrends.com/home/california-passes-iot-legislation/
0,0,260,40,60,https://www.entrepreneur.com/article/321806
0,0,0,40,0,https://www.eventbrite.com/e/51082315581?aff=efbneb
0,0,0,50,0,https://www.eventbrite.com/e/northwest-ohio-issa-meeting-october-18th-2018-tickets-50500964745
0,0,40,40,100,https://www.ey.com/en_gl/news/2018/10/ey-named-a-leader-in-innovation-consulting-services-by-independent-research-firm
0,0,100,80,200,https://www.fastcompany.com/90250899/3-steps-to-create-a-21st-century-work-culture
0.227272727,50,220,50,260,https://www.finanznachrichten.de/nachrichten-2018-11/45186112-bain-company-announces-leadership-changes-within-its-private-equity-practice-in-europe-the-middle-east-and-africa-399.htm
0.333333333,60,180,80,180,https://www.finextra.com/newsarticle/32860/most-banks-will-be-made-irrelevant-by-2030---gartner
0.291666667,70,240,60,240,https://www.finextra.com/pressarticle/76052/plaid-strikes-data-sharing-deal-with-jpmorgan-chase
0,0,40,50,0,https://www.foodnavigator-usa.com/Article/2018/11/02/Symrise-expands-US-natural-food-ingredients-business
0.214285714,90,420,120,460,https://www.fool.com/investing/2018/10/13/microsofts-surface-business-achieves-a-new-milesto.aspx
0.2,60,300,100,300,https://www.forbes.com/sites/andrewstephen/2018/10/08/ai-marketing-backtobasics/
0,0,100,60,140,https://www.forbes.com/sites/danwoods/2018/10/17/do-you-need-ai-to-map-and-understand-your-data/
0.148148148,80,540,100,560,https://www.forbes.com/sites/davidnour/2018/11/02/ceo-pens-10-best-practices-of-soul-sucking-ceos/
0,0,60,30,0,https://www.forbes.com/sites/forbescoachescouncil/2018/10/30/seven-ways-to-close-the-diversity-and-inclusion-gap-that-are-easier-than-you-think/
0.105263158,40,380,80,420,https://www.forbes.com/sites/janicegassam/2018/10/11/the-10-most-diverse-companies-of-2018/
0.078947368,60,760,100,840,https://www.forbes.com/sites/jasonbloomberg/2018/11/06/why-you-should-think-twice-about-robotic-process-automation/
0.125,50,400,100,500,https://www.forbes.com/sites/jimmiller/2018/10/17/building-an-analytics-centric-organization/
0.214285714,30,140,30,100,https://www.forbes.com/sites/nazbeheshti/2018/09/30/our-approach-to-employee-engagement-is-not-working/
0.12,60,500,60,640,https://www.forbes.com/sites/pamdanziger/2018/10/29/how-foot-locker-nike-the-north-face-and-starbucks-created-a-customer-loyalty-culture/
0,0,120,40,40,https://www.forbes.com/sites/peterhigh/2018/10/29/lenovo-cio-arthur-hu-is-the-chief-information-officer-of-the-future/
0.166666667,100,600,140,1020,https://www.forbes.com/sites/sarahlandrum/2017/12/08/the-importance-of-working-for-a-boss-that-supports-you/
0.127906977,110,860,140,940,https://www.forbes.com/sites/shephyken/2018/10/28/five-ways-comcast-creates-a-world-class-customer-experience/
0.071428571,80,1120,170,1000,https://www.forbes.com/sites/tomdavenport/2018/10/29/robotic-process-automation-a-gateway-drug-to-ai-and-digital-transformation/
0.075,30,400,90,400,https://www.forbes.com/sites/travisbradberry/2016/06/07/why-the-8-hour-workday-doesnt-work/
0,0,100,40,40,https://www.freep.com/story/money/cars/2018/10/15/elena-ford-customer-experience-role/1647790002/
0.185185185,100,540,140,560,https://www.gainsight.com/blog/csm-product-is-the-new-sales-marketing/
0.214285714,30,140,60,100,https://www.gartner.com/smarterwithgartner/gartner-top-10-strategic-technology-trends-for-2019/
0.166666667,50,300,40,340,https://www.geekwire.com/2018/microsoft-completes-7-5b-github-acquisition-says-user-base-grown-31m-developers/
0.068181818,30,440,40,360,https://www.geekwire.com/2018/microsoft-stock-rises-tech-giant-posts-29b-revenue-powered-cloud-gaming-growth/
0.1,50,500,160,560,https://www.geekwire.com/2018/report-microsoft-picks-new-chip-maker-ai-co-processors-azure-cutting-intels-business-half/
0.178571429,50,280,100,220,https://www.genpact.com/about-us/media/press-releases/2018-genpact-partners-with-walmart-to-launch-digital-hub-in-bentonville
0,0,60,40,100,https://www.gfmag.com/magazine/october-2018/staying-ahead-curve-salon-q-eys-roger-park
0.333333333,60,180,100,140,https://www.goizuetabeyond.com/story/where-luck-meets-preparedness/
0.357142857,50,140,120,60,https://www.healthcareinfosecurity.com/analysis-did-anthems-security-certification-have-value-a-11634
0.12962963,70,540,110,500,https://www.horsesforsources.com/sykes-acquires-symphony_102218
0,0,0,40,40,https://www.houstonchronicle.com/business/article/Station-Houston-co-founder-departing-to-lead-13327780.php
0,0,0,30,40,https://www.houstonchronicle.com/business/columnists/tomlinson/article/Health-care-requires-a-special-kind-of-incubator-13340591.php
1,50,40,40,60,https://www.ifsworld.com/corp/news-and-events/newsroom/2018/11/01/ifs-bolsters-senior-leadership-with-appointments-of-new-cfo-and-chief-people-and-culture-officer/?utm_campaign=corp+comms&utm_medium=social&utm_source=linkedin.com&utm_content=&utm_term=&sc_camp=
0,0,100,40,60,https://www.inc.com/cameron-albert-deitch/2018-inc5000-fastest-growing-companies-san-antonio.html
0.108695652,50,460,90,400,https://www.inc.com/jt-odonnell/according-to-hiring-managers-1-type-of-resume-makes-you-look-desperate.html
0.075,30,400,100,340,https://www.innovationleader.com/harvard-business-school-sunil-gupta-digital-transformation/
0,0,40,40,0,https://www.investatlanta.com/impact-insights/invest-atlanta-announces-atlantas-first-transit-oriented-development-fund
0,0,0,120,80,https://www.iotevolutionworld.com/iot/articles/439131-how-digital-technologies-disrupting-oil-gas-industry.htm
0,0,0,30,0,https://www.jibe.com/blog/5-ways-to-reduce-job-board-dependency-and-lower-your-cost-per-hire/
0,0,40,30,0,https://www.keycaptureenergy.com/business-analyst
0,0,0,60,0,https://www.latinopolicyforum.org/issues/leadership/multicultural-leadership-academy-2019-cohort
0,0,0,50,0,https://www.linkedin.com/pulse/30-cyber-security-female-role-models-kudsia-kaker
0.147058824,50,340,80,600,https://www.linkedin.com/pulse/advantages-big-4-experience-hamza-ali-acca-aat
0,0,60,40,40,https://www.linkedin.com/pulse/ai-project-its-transformational-journey-m-ahmad-shahzad-pmp-
0,0,0,40,0,https://www.linkedin.com/pulse/cognitive-dissonance-employee-engagement-noha-gaber
0.088888889,80,900,100,1080,https://www.linkedin.com/pulse/data-science-paint-numbers-hypothesis-development-canvas-schmarzo
0,0,40,30,60,https://www.linkedin.com/pulse/deepfakes-dawn-post-truth-era-shelly-palmer
0,0,120,40,100,https://www.linkedin.com/pulse/employees-dont-leave-companies-managers-brigette-hyacinth
0,0,60,50,0,https://www.linkedin.com/pulse/how-we-can-have-ai-privacy-david-hoffman
0.071428571,90,1260,100,1320,https://www.linkedin.com/pulse/i-asked-worlds-top-recruiters-what-look-here-4-tips-job-roslansky
0,0,0,30,0,https://www.linkedin.com/pulse/intelligent-enterprise-opportunity-now-rafael-freitas
0,0,40,60,0,https://www.linkedin.com/pulse/iot-data-new-oil-what-connectivity-telcos-ugly-duckling-maroto
0.021428571,30,1400,50,1120,https://www.linkedin.com/pulse/leading-future-what-we-learned-from-12-emerging-keith-goudy-ph-d-
0.074074074,40,540,110,760,https://www.linkedin.com/pulse/linkedin-announces-lot-josh-bersin
0.088235294,30,340,50,400,https://www.linkedin.com/pulse/loyal-employees-your-most-valuable-asset-brigette-hyacinth
0.063829787,60,940,110,500,https://www.linkedin.com/pulse/never-push-loyal-employees-point-where-longer-care-brigette-hyacinth
0.125,30,240,60,340,https://www.linkedin.com/pulse/our-responsibility-get-ai-right-margaret-keane
0.25,30,120,30,40,https://www.linkedin.com/pulse/questions-ask-before-accepting-ciso-job-offer-gary-hayslip-cissp-
0,0,80,60,0,https://www.linkedin.com/pulse/recorder-based-rpa-hype-vs-reality-deepak-sharma
0.054347826,50,920,110,820,https://www.linkedin.com/pulse/technology-changes-rapidly-so-does-cios-role-andrew-wilson
0,0,360,30,300,https://www.linkedin.com/pulse/want-start-your-own-business-whats-holding-you-back-ritam-gandhi
0,0,120,30,100,https://www.linkedin.com/pulse/what-deep-learning-ai-simple-guide-8-practical-examples-bernard-marr
0.227272727,100,440,80,560,https://www.linkedin.com/pulse/your-employees-can-greatest-asset-you-let-them-brigette-hyacinth
0,0,60,40,40,https://www.livemint.com/Companies/soqmzRzUYvEMu3RBXtxHII/TCS-displaces-Accenture-as-largest-IT-firm-servicing-banks.html
0,0,0,30,0,https://www.marketwatch.com/press-release/sony-biz-networks-launches-managed-sd-wan-service-powered-by-128-technologys-session-smart-router-2018-10-17
0,0,0,30,0,https://www.masstlc.org/massintelligence-digital-transformation-debt-part-i/
0.195652174,90,460,60,600,https://www.mckinsey.com/business-functions/digital-mckinsey/our-insights/digital-strategy-the-four-fights-you-have-to-win
0.285714286,40,140,50,380,https://www.mckinsey.com/business-functions/digital-mckinsey/our-insights/the-cornerstones-of-large-scale-technology-transformation
0.071428571,60,840,120,600,https://www.mckinsey.com/business-functions/mckinsey-analytics/our-insights/why-data-culture-matters
0,0,120,60,100,https://www.mckinsey.com/business-functions/operations/our-insights/digitally-enabled-reliability-beyond-predictive-maintenance
0.108695652,50,460,120,760,https://www.mckinsey.com/business-functions/organization/our-insights/leading-agile-transformation-the-new-capabilities-leaders-need-to-build-21st-century-organizations
0,0,0,30,40,https://www.mdpi.com/2227-7080/6/4/100
0,0,0,30,0,https://www.mixr.net/blog/3-leadership-skills-to-instill-in-the-next-generation/
0,0,0,30,0,https://www.mnchaneylaw.com/new-blog/2018/10/18/does-a-bad-corporate-culture-equal-a-bad-cyber-security-culture
0.176470588,60,340,50,220,https://www.nbcnews.com/business/business-news/companies-who-don-t-stop-hacks-could-be-breaking-law-n920821
0.214285714,30,140,90,120,https://www.newswire.ca/news-releases/accenture-names-jeffrey-russell-president-of-accenture-in-canada-699256531.html
0,0,80,50,180,https://www.nytimes.com/2018/10/26/us/politics/ai-microsoft-pentagon.html
0,0,0,30,0,https://www.out-standing.org/news/exciting-new-additions-at-involve/
0,0,0,30,0,https://www.pcmag.com/commentary/364693/why-passwords-might-finally-go-away
0,0,100,40,80,https://www.pehub.com/2018/11/houlihan-lokey-recruits-bastian-as-industrials-group-md/
0,0,40,30,60,https://www.pnc.com/content/pnc-com/en/about-pnc/topics/pnc-pov/innovation-security/phishing.html
0,0,60,30,100,https://www.prnewswire.com/news-releases/deloitte-names-doug-beaudoin-leader-of-the-us-life-sciences-and-health-care-industry-and-appoints-stephen-burrill-to-lead-the-health-care-sector-300743734.html
0.073529412,100,1360,120,1380,https://www.prnewswire.com/news-releases/deloitte-ranked-no-1-in-security-consulting-services-worldwide-for-sixth-consecutive-year-by-gartner-300730891.html
0,0,80,30,60,https://www.prnewswire.com/news-releases/domo-announces-new-enterprise-advisory-board-to-leverage-global-cio-experience-for-the-benefit-of-customers-on-their-digital-transformation-journey-300732241.html
0.157894737,60,380,180,740,https://www.prnewswire.com/news-releases/eliassen-group-acquired-by-stone-point-capital-300743843.html
0.107142857,90,840,180,620,https://www.prnewswire.com/news-releases/equifax-deepens-commitment-to-consumer-identity-protection-joins-cause-to-evolve-verification-beyond-social-security-numbers-300742934.html
0.157894737,60,380,120,300,https://www.prnewswire.com/news-releases/former-us-bank-executive-bill-hoffman-joins-elicit-as-chief-growth-officer-300734719.html
0.192307692,50,260,50,260,https://www.prnewswire.com/news-releases/heidrick--struggles-takes-action-with-board-diversity-pledge-globally-300744059.html
0,0,0,30,0,https://www.prnewswire.com/news-releases/travis-bary-joins-national-hospitality-group-as-chief-operating-officer-300742836.html
0,0,100,40,80,https://www.prweb.com/releases/adam_elster_joins_optanix_board_of_directors/prweb15841905.htm
0.068181818,30,440,40,340,https://www.prweb.com/releases/consulting_magazine_names_the_2018_women_leaders_in_consulting/prweb15856011.htm
0,0,0,50,60,https://www.prweb.com/releases/invivo_analytics_announces_publication_of_research_validating_automated_data_analysis_in_preclinical_imaging/prweb15779213.htm
0.047169811,50,1060,100,800,https://www.prweb.com/releases/money_management_institute_honors_jim_tracy_as_2018_advisory_solutions_pioneer_for_his_leadership_role_in_the_investment_advisory_industry/prweb15837183.htm
0.068181818,30,440,30,540,https://www.psychologytoday.com/us/blog/the-future-brain/201810/mit-invests-record-1-billion-in-college-ai
0.15,60,400,120,380,https://www.quantamagazine.org/graduate-student-solves-quantum-verification-problem-20181008/
0.5,40,80,40,100,https://www.raymondjames.com/pointofview/dont-let-a-natural-disaster-derail-your-business?
0.073529412,50,680,100,720,https://www.reuters.com/article/us-amazon-com-jobs-automation-insight/amazon-scraps-secret-ai-recruiting-tool-that-showed-bias-against-women-idUSKCN1MK08G
1,50,40,60,60,https://www.reuters.com/article/us-usa-sec-cyber-idUSKCN1MQ2MT
0.5,30,60,60,120,https://www.reuters.com/article/us-usa-sec-cyber/sec-warns-corporate-cyber-weakness-could-violate-federal-law-idUSKCN1MQ2MT
0,0,0,30,0,https://www.revroad.com/
0,0,0,60,0,https://www.shellypalmer.com/2018/10/deepfakes-dawn-post-truth-era/
0,0,40,30,60,https://www.shrm.org/hr-today/news/hr-magazine/1118/pages/7-critical-strategies-to-prepare-for-the-future-of-hr.aspx
0,0,0,30,0,https://www.slalom.com/locations/minneapolis
0,0,0,30,0,https://www.slb.com/news/inside_news/2018/2018-10-17-world-oil-awards.aspx
0,0,180,60,200,https://www.spencerstuart.com:443/research-and-insight/ssbi-2018
0.0625,30,480,50,460,https://www.technologyreview.com/the-download/612293/mit-has-just-announced-a-1-billion-plan-to-create-a-new-college-for-ai/
0,0,0,40,0,https://www.teiss.co.uk/technology/the-expert-view-artificial-intelligence-and-the-future-of-customer-experience/
0,0,0,60,0,https://www.thebtn.tv/exclusive-content/article/making-employee-engagement-more-tick-box-shea-heaver
0,0,40,30,0,https://www.thecut.com/article/questions-to-ask-in-a-job-interview.html
0,0,40,30,60,https://www.thedrum.com/news/2018/11/06/qa-surveymonkey-chief-zander-lurie-what-the-brand-represents-and-future-plans
0.3,30,100,30,80,https://www.theedgesingapore.com/schools-enterprise-how-management-consulting-firms-produce-ceos-and-entrepreneurs
0.088235294,30,340,40,320,https://www.theverge.com/2018/10/10/17959978/microsoft-makes-its-60000-patents-open-source-to-help-linux
0.023255814,40,1720,110,1520,https://www.theverge.com/2018/5/30/17408254/microsoft-google-alphabet-market-cap-value
0,0,0,30,0,https://www.thisdaylive.com/index.php/2018/10/25/taking-advantage-of-artificial-intelligence/
0,0,100,30,60,https://www.tonyrobbins.com/career-business/innovation-culture/
0,0,0,30,0,https://www.uktech.news/news/investment-news/hackajob-gets-5m-help-companies-hire-tech-talent-20181026
0.147058824,50,340,60,460,https://www.usatoday.com/story/money/cars/2018/11/07/gm-general-motors-job-cuts/1917501002/
0.039215686,40,1020,100,1160,https://www.usatoday.com/story/money/nation-now/2018/10/11/tesla-outsells-mercedes-benz-elon-musk/1598474002/
0.129032258,80,620,110,620,https://www.usbank.com/newsroom/news/dorothy-bridges-and-greg-cunningham-named-to-ebony-power-100.html
0,0,0,30,0,https://www.voiceamerica.com/show/2699/task-force-7-cyber-security-radio
0.060606061,40,660,60,600,https://www.wealthmanagement.com/industry/rias-could-go-way-small-ski-resort-heres-how
0,0,80,60,140,https://www.wired.com/story/ai-cold-war-china-could-doom-us-all/
0.3125,50,160,60,60,https://www.workingmother.com/ellen-durden-pnc-financial-services
0.107142857,30,280,40,180,https://www.wsj.com/articles/at-berkeley-its-big-data-on-campus-1541066401
0,0,100,50,60,https://www.wsj.com/articles/the-new-movie-soundtrack-a-spotify-playlist-1539691320
0.136363636,30,220,110,360,https://www.wsj.com/articles/women-managers-have-little-margin-for-error-1539966227
0.083333333,60,720,90,660,https://www.xconomy.com/boston/2018/10/24/machine-learning-firm-datarobot-gets-100m-to-automate-data-science/
0,0,60,30,80,https://www.zdnet.com/article/a-mysterious-grey-hat-is-patching-peoples-outdated-mikrotik-routers/
0,0,0,50,0,https://www.zdnet.com/article/google-ponders-the-shortcomings-of-machine-learning/
0.066666667,60,900,100,1160,https://www.zdnet.com/article/microsoft-to-tackle-ai-skills-shortage-with-two-new-training-programs/
0.080645161,100,1240,150,1220,https://www.zdnet.com/article/what-microsofts-executive-compensation-metrics-say-about-its-priorities/
0.09375,60,640,130,1120,https://www2.deloitte.com/global/en/pages/about-deloitte/press-releases/deloitte-ranked-one-gartner-security-consulting-services.html
